{
  "ratings": {
    "img1": 1530.631954604303,
    "img2": 1448.6261191873346,
    "img3": 1468.070631790145,
    "img4": 1568.7500788819452,
    "img5": 1529.9818119924482,
    "img6": 1512.8641785056366,
    "img7": 1457.5602214675052,
    "img8": 1591.065895720951,
    "img9": 1409.1854146432534,
    "img10": 1483.263693206478
  },
  "matchups": {
    "img2_img8": {
      "img8": 3,
      "img2": 0
    },
    "img1_img4": {
      "img1": 0,
      "img4": 1
    },
    "img1_img10": {
      "img1": 1,
      "img10": 0
    },
    "img8_img9": {
      "img9": 0,
      "img8": 3
    },
    "img4_img7": {
      "img7": 0,
      "img4": 1
    },
    "img2_img4": {
      "img2": 0,
      "img4": 2
    },
    "img1_img5": {
      "img1": 1,
      "img5": 0
    },
    "img3_img5": {
      "img3": 0,
      "img5": 2
    },
    "img7_img8": {
      "img8": 1,
      "img7": 0
    },
    "img5_img9": {
      "img9": 0,
      "img5": 1
    },
    "img4_img9": {
      "img4": 1,
      "img9": 0
    },
    "img2_img9": {
      "img2": 1,
      "img9": 0
    },
    "img6_img9": {
      "img6": 1,
      "img9": 0
    },
    "img1_img7": {
      "img1": 1,
      "img7": 0
    }
  }
}